model_size,min_budget,max_budget,budget_range,f1_min_budget,f1_max_budget,f1_improvement,recall_improvement,f1_improvement_per_1k,budget_sensitivity
4b,4096,16384,12288,0.1872507159104855,0.1873669697638336,0.00011625385334809724,-3.639081168739511e-05,9.460762805020933e-06,Low
8b,4096,16384,12288,0.23526536150838523,0.22652385503268177,-0.008741506475703459,-0.004920602281181213,-0.0007113856181399299,Low
14b,4096,16384,12288,0.28894985266308704,0.267099490477255,-0.02185036218583203,-0.018585166780471007,-0.0017781870268417993,Low
30b,4096,16384,12288,0.05844848648341195,0.30766245143377524,0.2492139649503633,0.16086251563972326,0.020281084387236595,High
32b,4096,16384,12288,0.28345470045953314,0.3169027178905994,0.033448017431066235,0.026742783606119563,0.0027220066268771347,Medium
claude-haiku,4096,16384,12288,0.5782827940997497,0.6801580352324035,0.10187524113265378,0.11742245029262527,0.008290628347383934,High
gpt5-mini,4096,16384,12288,0.6248043042526955,0.7612800739574532,0.13647576970475772,0.15065891094969386,0.011106426571025205,High
