model_size,precision_t_stat,precision_p_value,precision_cohens_d,precision_delta,recall_t_stat,recall_p_value,recall_cohens_d,recall_delta,f1_t_stat,f1_p_value,f1_cohens_d,f1_delta
4b,14.072004442616125,1.7967098761011396e-30,1.3613422471818413,0.45414291215508246,15.279669012599884,6.472172431391691e-34,1.5155956552038448,0.08023065698345604,15.954688363357414,8.010546859480243e-36,1.5855840013339133,0.1343402159309979
8b,9.600328273961459,9.20181788858742e-18,0.9391118358742068,0.3020598715198106,17.981991524426732,1.9019516542466989e-41,1.8015824333652684,0.10902684191225287,19.198550284014445,9.852983174372999e-45,1.8936451613743261,0.17227672589781337
14b,10.615668070964125,1.368709063281491e-20,0.9761997913523834,0.30130692866694275,20.62465121440977,1.7301908610172635e-48,2.0036218187853265,0.14009057271819014,22.933629724579745,2.452185241036016e-54,2.1669316036034316,0.21365014817133388
30b,5.036670270134819,1.1831103231192305e-06,0.4414103844758704,0.15527536671066733,10.578843675199515,1.7376727563400958e-20,1.0118827574655922,0.08669405479759196,10.949448897096625,1.562170264648497e-21,1.0343564499665847,0.1301269787453463
32b,7.070206298049682,3.659843415581741e-11,0.6783500226364976,0.18743929360965617,17.342295163745536,1.0842049811402358e-39,1.566253046668756,0.1409599897325226,18.46092976790865,9.485263549586706e-43,1.6331339916675898,0.19738300036964979
